market,season,model,games,mae,rmse,bias,within_threshold_pct
passing,2018,baseline,491,66.9875,82.8531,-3.5416,35.6415
passing,2018,ridge,491,62.5783,77.2704,-2.4765,37.6782
passing,2018,hgb,491,63.0037,77.702,-1.9845,36.6599
passing,2019,baseline,484,63.8346,80.7244,2.7394,40.2893
passing,2019,ridge,484,58.4164,73.4706,4.9034,41.3223
passing,2019,hgb,484,59.2385,75.0797,5.306,42.9752
passing,2020,baseline,490,64.1204,80.1293,-2.0518,37.3469
passing,2020,ridge,490,59.9263,74.5364,-7.8744,42.0408
passing,2020,hgb,490,60.5034,75.2652,-7.5482,41.4286
passing,2021,baseline,515,62.23,76.6487,-4.4525,38.4466
passing,2021,ridge,515,56.3849,71.1787,-8.4679,41.7476
passing,2021,hgb,515,57.0516,71.1911,-7.7339,43.6893
passing,2022,baseline,510,58.5277,74.0747,-2.7743,41.1765
passing,2022,ridge,510,52.8744,67.1671,-3.4097,47.451
passing,2022,hgb,510,53.2101,67.3046,-4.7204,46.4706
passing,2023,baseline,517,60.2478,75.6197,1.4916,40.4255
passing,2023,ridge,517,55.9339,69.2243,1.2239,41.7795
passing,2023,hgb,517,56.4838,69.7641,-0.9056,41.0058
passing,2024,baseline,529,60.173,75.1711,-1.2288,39.8866
passing,2024,ridge,529,56.4448,70.0105,-5.824,41.7769
passing,2024,hgb,529,56.2691,69.8802,-6.3234,43.2892
passing,2025,baseline,510,61.5419,77.0008,-2.6525,39.2157
passing,2025,ridge,510,55.7809,69.9549,-10.5327,43.3333
passing,2025,hgb,510,56.4393,70.4354,-9.7605,42.3529
rushing,2018,baseline,1098,24.9094,33.0391,-2.7357,40.1639
rushing,2018,ridge,1098,24.1378,31.7546,-1.033,39.4353
rushing,2018,hgb,1098,24.1995,31.696,-1.5131,38.0692
rushing,2019,baseline,1036,25.3636,33.1456,-1.9894,39.1892
rushing,2019,ridge,1036,24.7393,32.1182,-0.3675,37.0656
rushing,2019,hgb,1036,24.6665,32.1218,-0.5914,37.6448
rushing,2020,baseline,1131,24.597,32.1821,-1.883,39.7878
rushing,2020,ridge,1131,23.9206,31.1863,-0.9638,37.4005
rushing,2020,hgb,1131,23.9419,31.2528,-0.8592,37.1353
rushing,2021,baseline,1197,24.4694,31.8306,-1.6712,40.685
rushing,2021,ridge,1197,23.6062,30.5537,-0.1217,39.7661
rushing,2021,hgb,1197,23.7912,30.7252,-0.2675,37.5104
rushing,2022,baseline,1193,25.9832,34.0937,-2.5336,38.223
rushing,2022,ridge,1193,25.425,33.0705,-1.2325,35.2054
rushing,2022,hgb,1193,25.2064,33.1525,-0.9814,37.6362
rushing,2023,baseline,1186,22.9122,30.1407,-2.9027,39.9663
rushing,2023,ridge,1186,22.4504,29.2027,-2.007,38.9545
rushing,2023,hgb,1186,22.2917,29.049,-2.0951,40.0506
rushing,2024,baseline,1234,23.6878,30.4221,-2.1225,39.4652
rushing,2024,ridge,1234,23.1802,29.7274,-0.4389,38.0065
rushing,2024,hgb,1234,23.2163,29.8013,-0.7559,38.0065
rushing,2025,baseline,1217,23.9916,32.522,-2.2128,43.0567
rushing,2025,ridge,1217,23.034,31.0344,-0.4988,41.249
rushing,2025,hgb,1217,23.0276,31.037,-0.5796,40.5916
receiving,2018,baseline,2407,25.3291,33.1289,-1.7379,49.8546
receiving,2018,ridge,2407,24.4736,31.7718,-0.5669,49.6884
receiving,2018,hgb,2407,24.4307,31.8113,-0.1357,50.0623
receiving,2019,baseline,2418,26.1458,34.2131,-1.5775,48.7593
receiving,2019,ridge,2418,25.2069,32.7861,-0.3695,47.7254
receiving,2019,hgb,2418,25.0423,32.6812,0.1366,48.5112
receiving,2020,baseline,2434,25.0063,32.4471,-2.1763,50.0822
receiving,2020,ridge,2434,24.2784,31.157,-1.6559,49.1372
receiving,2020,hgb,2434,24.1584,31.0833,-1.4482,49.2605
receiving,2021,baseline,2611,24.4881,31.9238,-2.8762,51.4745
receiving,2021,ridge,2611,23.6847,30.5742,-2.0586,50.5553
receiving,2021,hgb,2611,23.6385,30.5414,-1.7689,50.2106
receiving,2022,baseline,2455,24.3432,31.8227,-2.9599,51.9348
receiving,2022,ridge,2455,23.6293,30.4913,-1.7672,50.835
receiving,2022,hgb,2455,23.6146,30.4824,-1.8029,50.9572
receiving,2023,baseline,2463,25.0942,33.0227,-1.4339,50.7105
receiving,2023,ridge,2463,23.9298,31.5379,-0.3448,52.3346
receiving,2023,hgb,2463,23.7802,31.356,-0.1101,51.8879
receiving,2024,baseline,2441,24.5135,31.9687,-1.8683,51.2905
receiving,2024,ridge,2441,23.496,30.63,-0.1871,50.7989
receiving,2024,hgb,2441,23.4854,30.6639,-0.0652,51.7001
receiving,2025,baseline,2300,24.2897,31.4455,-3.0229,51.8261
receiving,2025,ridge,2300,23.351,30.1495,-2.1682,51.2174
receiving,2025,hgb,2300,23.3332,30.2289,-1.9701,51.4348
receptions,2018,baseline,2407,1.7957,2.2855,-0.1589,64.8525
receptions,2018,ridge,2407,1.7189,2.207,-0.0256,66.2235
receptions,2018,hgb,2407,1.7127,2.2112,0.0321,66.0989
receptions,2019,baseline,2418,1.8243,2.3334,-0.1504,63.8131
receptions,2019,ridge,2418,1.769,2.2556,-0.0059,64.8883
receptions,2019,hgb,2418,1.7568,2.2561,0.0664,65.6741
receptions,2020,baseline,2434,1.7915,2.3099,-0.1652,64.2153
receptions,2020,ridge,2434,1.7441,2.2292,-0.0645,65.037
receptions,2020,hgb,2434,1.734,2.2234,-0.009,65.8587
receptions,2021,baseline,2611,1.7576,2.2189,-0.2507,64.6879
receptions,2021,ridge,2611,1.6978,2.132,-0.1307,65.99
receptions,2021,hgb,2611,1.6798,2.1206,-0.0756,66.1432
receptions,2022,baseline,2455,1.7982,2.2774,-0.2418,62.7699
receptions,2022,ridge,2455,1.7306,2.1945,-0.0816,65.1731
receptions,2022,hgb,2455,1.7199,2.186,-0.043,65.0509
receptions,2023,baseline,2463,1.7389,2.2124,-0.1829,65.0426
receptions,2023,ridge,2463,1.6742,2.1375,-0.0282,67.1133
receptions,2023,hgb,2463,1.6655,2.1381,0.0337,67.1945
receptions,2024,baseline,2441,1.7542,2.2415,-0.1326,65.5059
receptions,2024,ridge,2441,1.6964,2.1759,0.0565,66.612
receptions,2024,hgb,2441,1.6904,2.1785,0.1188,67.3085
receptions,2025,baseline,2300,1.7468,2.2069,-0.3078,65.4783
receptions,2025,ridge,2300,1.6798,2.1095,-0.1692,66.9565
receptions,2025,hgb,2300,1.6754,2.1114,-0.1185,67.913
